epoch,time,train/giou_loss,train/cls_loss,train/l1_loss,metrics/precision(B),metrics/recall(B),metrics/mAP50(B),metrics/mAP50-95(B),val/giou_loss,val/cls_loss,val/l1_loss,lr/pg0,lr/pg1,lr/pg2,lr/pg3,lr/pg4,lr/pg5,lr/pg6,lr/pg7
1,162.099,0.47572,6.16381,0.59267,0.44053,0.44153,0.42998,0.25077,0.34316,0.91353,0.57769,0.00991379,0.0033046,0.00991379,0.0033046,0.00991379,0.0033046,0.00991379,0.0033046
2,311.64,0.33761,0.74905,0.41818,0.71124,0.61149,0.66921,0.44605,0.30176,0.71199,0.49522,0.0197166,0.00657222,0.0197166,0.00657222,0.0197166,0.00657222,0.0197166,0.00657222
3,460.602,0.35134,0.65894,0.41409,0.7087,0.65328,0.70109,0.46989,0.29816,0.67982,0.4818,0.0293215,0.00977383,0.0293215,0.00977383,0.0293215,0.00977383,0.0293215,0.00977383
4,609.39,0.37142,0.6428,0.42566,0.71321,0.62923,0.67961,0.43749,0.33554,0.72943,0.51514,0.029109,0.009703,0.029109,0.009703,0.029109,0.009703,0.029109,0.009703
5,755.982,0.35773,0.60861,0.40683,0.72984,0.61866,0.68887,0.45087,0.3292,0.71505,0.50197,0.028812,0.009604,0.028812,0.009604,0.028812,0.009604,0.028812,0.009604
6,902.627,0.35597,0.60191,0.40199,0.70965,0.65659,0.69789,0.46614,0.31364,0.67498,0.48546,0.028515,0.009505,0.028515,0.009505,0.028515,0.009505,0.028515,0.009505
7,1047.78,0.34834,0.59034,0.40029,0.72189,0.66411,0.70417,0.45514,0.32897,0.65183,0.50437,0.028218,0.009406,0.028218,0.009406,0.028218,0.009406,0.028218,0.009406
8,1194.97,0.35291,0.57532,0.39535,0.70358,0.59483,0.65238,0.43392,0.31572,0.75683,0.51358,0.027921,0.009307,0.027921,0.009307,0.027921,0.009307,0.027921,0.009307
9,1341.9,0.3447,0.56638,0.39009,0.73957,0.64502,0.70663,0.47294,0.30113,0.66228,0.47232,0.027624,0.009208,0.027624,0.009208,0.027624,0.009208,0.027624,0.009208
10,1490.44,0.34217,0.56216,0.3883,0.74567,0.68877,0.74961,0.50565,0.29952,0.62304,0.4674,0.027327,0.009109,0.027327,0.009109,0.027327,0.009109,0.027327,0.009109
11,1638.58,0.34042,0.55292,0.38385,0.73113,0.62603,0.6855,0.47378,0.29997,0.69455,0.48618,0.02703,0.00901,0.02703,0.00901,0.02703,0.00901,0.02703,0.00901
12,1786.31,0.34406,0.55372,0.38521,0.72851,0.63764,0.68648,0.46331,0.30323,0.66762,0.49207,0.026733,0.008911,0.026733,0.008911,0.026733,0.008911,0.026733,0.008911
13,1933.08,0.32773,0.54866,0.37463,0.75535,0.65153,0.71718,0.489,0.30414,0.66182,0.48289,0.026436,0.008812,0.026436,0.008812,0.026436,0.008812,0.026436,0.008812
14,2080.08,0.33363,0.53977,0.37742,0.71203,0.6224,0.67483,0.454,0.30897,0.76873,0.48822,0.026139,0.008713,0.026139,0.008713,0.026139,0.008713,0.026139,0.008713
15,2204.59,0.32291,0.54165,0.36952,0.7406,0.64023,0.69283,0.46291,0.32135,0.70591,0.51032,0.025842,0.008614,0.025842,0.008614,0.025842,0.008614,0.025842,0.008614
16,2325.25,0.32626,0.53712,0.37019,0.75566,0.64728,0.69651,0.48347,0.30097,0.7076,0.48888,0.025545,0.008515,0.025545,0.008515,0.025545,0.008515,0.025545,0.008515
17,2446.04,0.32254,0.53291,0.36997,0.75212,0.64474,0.70714,0.47123,0.31241,0.67981,0.51126,0.025248,0.008416,0.025248,0.008416,0.025248,0.008416,0.025248,0.008416
18,2566.49,0.31738,0.53374,0.36621,0.72274,0.6925,0.7192,0.47394,0.32121,0.65565,0.52395,0.024951,0.008317,0.024951,0.008317,0.024951,0.008317,0.024951,0.008317
19,2686.98,0.31202,0.52985,0.35975,0.75751,0.68447,0.73547,0.4927,0.31349,0.62536,0.51729,0.024654,0.008218,0.024654,0.008218,0.024654,0.008218,0.024654,0.008218
20,2807.37,0.31279,0.52079,0.36111,0.74137,0.67266,0.71084,0.48318,0.30567,0.64609,0.50148,0.024357,0.008119,0.024357,0.008119,0.024357,0.008119,0.024357,0.008119
21,2928.12,0.31529,0.52119,0.36212,0.7053,0.60739,0.67579,0.46498,0.3105,0.72077,0.50301,0.02406,0.00802,0.02406,0.00802,0.02406,0.00802,0.02406,0.00802
22,3051.15,0.31297,0.52216,0.35845,0.7306,0.65119,0.69922,0.4693,0.31601,0.67935,0.52088,0.023763,0.007921,0.023763,0.007921,0.023763,0.007921,0.023763,0.007921
23,3172.5,0.31044,0.51397,0.35538,0.73583,0.61592,0.67261,0.45604,0.30767,0.74812,0.50016,0.023466,0.007822,0.023466,0.007822,0.023466,0.007822,0.023466,0.007822
24,3293.63,0.31123,0.51215,0.35675,0.75578,0.67335,0.73151,0.49508,0.30683,0.63211,0.5067,0.023169,0.007723,0.023169,0.007723,0.023169,0.007723,0.023169,0.007723
25,3414.72,0.3054,0.50987,0.35183,0.75082,0.6719,0.72147,0.4847,0.30868,0.63289,0.50383,0.022872,0.007624,0.022872,0.007624,0.022872,0.007624,0.022872,0.007624
26,3535.41,0.29942,0.51245,0.34726,0.75385,0.66281,0.7216,0.48186,0.31239,0.66675,0.51441,0.022575,0.007525,0.022575,0.007525,0.022575,0.007525,0.022575,0.007525
27,3655.88,0.3008,0.5118,0.34868,0.72466,0.65975,0.69824,0.47227,0.30959,0.68034,0.50975,0.022278,0.007426,0.022278,0.007426,0.022278,0.007426,0.022278,0.007426
28,3776.35,0.29427,0.50546,0.34402,0.7464,0.66227,0.7149,0.47991,0.31862,0.64101,0.52695,0.021981,0.007327,0.021981,0.007327,0.021981,0.007327,0.021981,0.007327
29,3897.03,0.29755,0.49807,0.34965,0.72598,0.64605,0.68901,0.46308,0.32926,0.6939,0.54408,0.021684,0.007228,0.021684,0.007228,0.021684,0.007228,0.021684,0.007228
30,4017.79,0.29821,0.50142,0.34555,0.73147,0.66582,0.704,0.47157,0.32108,0.69675,0.5356,0.021387,0.007129,0.021387,0.007129,0.021387,0.007129,0.021387,0.007129
